dataset,task,model,n_samples,n_features,training_time,test_accuracy,test_balanced_accuracy,test_f1_weighted,test_roc_auc,cv_accuracy_mean,cv_accuracy_std,cv_balanced_accuracy_mean,cv_balanced_accuracy_std,cv_f1_weighted_mean,cv_f1_weighted_std,cv_roc_auc_mean,cv_roc_auc_std
Adult Income,classification,adaboost,48842,14,4.884617500007153,0.8578155389497389,0.75615698644812,0.8491061902039372,0.9115389671663074,0.8569469382372444,0.00247677183509092,0.7604039414910685,0.00566813907446709,0.849360942763726,0.0030379748559068846,0.9121089846769717,0.0029582516317640923
Heart Disease,classification,adaboost,303,13,0.14802870783023536,0.819672131147541,0.8143939393939394,0.8184886832797643,0.8971861471861472,0.8017486338797815,0.032786247716934724,0.7967291967291967,0.03772563463164791,0.8000180006585375,0.035013378272290584,0.899815616482283,0.032303852883262145
Mushroom,classification,adaboost,8124,22,0.7521387091837823,1.0,1.0,1.0,0.9999999999999999,0.9470532777567261,0.07437292475009241,0.9478493101560878,0.07200843295877174,0.9457697733010612,0.07661161559665292,0.9991508011353023,0.0016983977293952514
Telco Customer Churn,classification,adaboost,7043,19,1.1195692080073059,0.8034066713981547,0.7184750316463872,0.7965886216152982,0.842428117492056,0.8049123128911543,0.005643815669143382,0.7183706835332417,0.008793327494234462,0.7975597523642322,0.005808715504699334,0.8485878450937185,0.011293856083284112
Breast Cancer,classification,adaboost,569,30,0.4388971670996398,0.9736842105263158,0.9642857142857143,0.9734654095556351,0.9871031746031746,0.9771619313771154,0.008927576724706666,0.9722615408211542,0.009829272421917761,0.9770779026268908,0.008967744319169652,0.9955133470937598,0.004819178329372466
